"Parameter","Value"
"Estimate",0.666578036136643
"SE",0.52012372019399
"Z-value",0.666578036136643
"P-value",0.52012372019399
